{
    "metrics": {
        "http_req_tls_handshaking": {
            "p(90)": 2253.58487,
            "p(95)": 2293.3341,
            "avg": 1775.222334198063,
            "min": 0,
            "med": 1764.0082,
            "max": 2606.295
        },
        "data_received": {
            "count": 329799236,
            "rate": 4877756.274599069
        },
        "http_req_failed": {
            "passes": 12185,
            "fails": 8515,
            "value": 0.5886473429951691
        },
        "http_req_waiting": {
            "avg": 15367.050692270426,
            "min": 0,
            "med": 4755.516,
            "max": 58566.8429,
            "p(90)": 56401.015980000004,
            "p(95)": 57085.465580000004
        },
        "data_sent": {
            "count": 13306912,
            "rate": 196810.2603595408
        },
        "iterations": {
            "count": 20700,
            "rate": 306.15460517379955
        },
        "vus": {
            "value": 586,
            "min": 0,
            "max": 20696
        },
        "http_req_duration{expected_response:true}": {
            "med": 1941.2977,
            "max": 57387.0373,
            "p(90)": 47511.262800000004,
            "p(95)": 52299.85160999997,
            "avg": 14377.070315466828,
            "min": 10.9989
        },
        "checks": {
            "passes": 8870,
            "fails": 239530,
            "value": 0.0357085346215781
        },
        "iteration_duration": {
            "avg": 39865.897539516845,
            "min": 1483.7107,
            "med": 50625.2959,
            "max": 67041.6035,
            "p(90)": 65018.1108,
            "p(95)": 65798.80947000001
        },
        "http_req_duration": {
            "avg": 34938.28592356028,
            "min": 0,
            "med": 46608.373049999995,
            "max": 58790.0655,
            "p(90)": 57243.3582,
            "p(95)": 57414.603305
        },
        "vus_max": {
            "value": 20700,
            "min": 4456,
            "max": 20700
        },
        "http_req_blocked": {
            "max": 5048.6175,
            "p(90)": 3515.7435299999997,
            "p(95)": 3576.231275,
            "avg": 2919.7677648695576,
            "min": 0,
            "med": 2934.84725
        },
        "http_req_receiving": {
            "med": 13070.76095,
            "max": 57463.8956,
            "p(90)": 50902.63078,
            "p(95)": 54653.922625,
            "avg": 19570.9955957391,
            "min": 0
        },
        "http_reqs": {
            "count": 20700,
            "rate": 306.15460517379955
        },
        "http_req_sending": {
            "avg": 0.2396355507246375,
            "min": 0,
            "med": 0,
            "max": 39.9986,
            "p(90)": 0.9995,
            "p(95)": 1.0012
        },
        "http_req_connecting": {
            "p(90)": 1268.5399,
            "p(95)": 1278.5397050000001,
            "avg": 1143.8783688598974,
            "min": 0,
            "med": 1166.9173,
            "max": 4674.6123
        }
    },
    "root_group": {
        "groups": {},
        "checks": {
                "200 OK": {
                    "fails": 12185,
                    "name": "200 OK",
                    "path": "::200 OK",
                    "id": "e9654c443eff553da9e69eda7007924e",
                    "passes": 8515
                },
                "201 Created": {
                    "passes": 0,
                    "fails": 20700,
                    "name": "201 Created",
                    "path": "::201 Created",
                    "id": "728dcd977aae263ca314731145e1d447"
                },
                "204 No Content": {
                    "name": "204 No Content",
                    "path": "::204 No Content",
                    "id": "54fa3c2eda34e1622fda2da5e0479fc5",
                    "passes": 0,
                    "fails": 20700
                },
                "400 Bad Request": {
                    "fails": 20700,
                    "name": "400 Bad Request",
                    "path": "::400 Bad Request",
                    "id": "eeae81934b9b58bccaf0184a6d070338",
                    "passes": 0
                },
                "401 Unauthorized": {
                    "path": "::401 Unauthorized",
                    "id": "6ae9254e6aefe7f0bafe5102fa7e20a5",
                    "passes": 0,
                    "fails": 20700,
                    "name": "401 Unauthorized"
                },
                "403 Forbidden": {
                    "id": "655548b761742c5a7ad15aa7df3a5d9c",
                    "passes": 0,
                    "fails": 20700,
                    "name": "403 Forbidden",
                    "path": "::403 Forbidden"
                },
                "404 Not Found": {
                    "passes": 0,
                    "fails": 20700,
                    "name": "404 Not Found",
                    "path": "::404 Not Found",
                    "id": "df1528f9925ca236bac51008f77b774a"
                },
                "429 Too Many Requests": {
                    "name": "429 Too Many Requests",
                    "path": "::429 Too Many Requests",
                    "id": "b810c35b9499cc7342fd415032e3a6aa",
                    "passes": 0,
                    "fails": 20700
                },
                "500 Internal Server Error": {
                    "name": "500 Internal Server Error",
                    "path": "::500 Internal Server Error",
                    "id": "3cd96245b24e869810efe46d533b0eef",
                    "passes": 0,
                    "fails": 20700
                },
                "502 Bad Gateway": {
                    "name": "502 Bad Gateway",
                    "path": "::502 Bad Gateway",
                    "id": "712cb0ec189a11f31f0d6d0c0031b569",
                    "passes": 0,
                    "fails": 20700
                },
                "503 Service Unavailable": {
                    "id": "f1ea1a22be0dc738c385523a66ea1cd9",
                    "passes": 355,
                    "fails": 20345,
                    "name": "503 Service Unavailable",
                    "path": "::503 Service Unavailable"
                },
                "504 Gateway Timeout": {
                    "name": "504 Gateway Timeout",
                    "path": "::504 Gateway Timeout",
                    "id": "218efb729cb654723ccd57c6ebbebe29",
                    "passes": 0,
                    "fails": 20700
                }
            },
        "name": "",
        "path": "",
        "id": "d41d8cd98f00b204e9800998ecf8427e"
    }
}