{
    "metrics": {
        "http_reqs": {
            "count": 1000,
            "rate": 606.3244123003578
        },
        "http_req_blocked": {
            "p(90)": 361.38505,
            "p(95)": 377.35123999999996,
            "avg": 261.4605683999997,
            "min": 68.5107,
            "med": 253.07780000000002,
            "max": 547.0433
        },
        "http_req_receiving": {
            "med": 4.00125,
            "max": 292.9108,
            "p(90)": 83.84325,
            "p(95)": 95.95951500000001,
            "avg": 21.829351799999998,
            "min": 0
        },
        "http_req_connecting": {
            "p(90)": 169.52167,
            "p(95)": 212.1429,
            "avg": 92.17634330000007,
            "min": 48.3831,
            "med": 73.8868,
            "max": 236.4924
        },
        "http_req_tls_handshaking": {
            "avg": 167.0799942000001,
            "min": 3.2775,
            "med": 173.7673,
            "max": 300.8612,
            "p(90)": 214.73958000000002,
            "p(95)": 223.42788499999997
        },
        "http_req_duration": {
            "avg": 192.56670509999992,
            "min": 10.6993,
            "med": 216.336,
            "max": 317.8959,
            "p(90)": 268.11284,
            "p(95)": 286.50885999999997
        },
        "iteration_duration": {
            "p(90)": 1550.33941,
            "p(95)": 1558.666615,
            "avg": 1456.8741295000036,
            "min": 1110.6753,
            "med": 1461.9043000000001,
            "max": 1616.1571
        },
        "http_req_failed": {
            "passes": 0,
            "fails": 1000,
            "value": 0
        },
        "iterations": {
            "count": 1000,
            "rate": 606.3244123003578
        },
        "vus_max": {
            "value": 1000,
            "min": 1000,
            "max": 1000
        },
        "http_req_duration{expected_response:true}": {
            "avg": 192.56670509999992,
            "min": 10.6993,
            "med": 216.336,
            "max": 317.8959,
            "p(90)": 268.11284,
            "p(95)": 286.50885999999997
        },
        "data_sent": {
            "count": 686000,
            "rate": 415938.54683804547
        },
        "http_req_waiting": {
            "max": 289.6552,
            "p(90)": 236.49939,
            "p(95)": 241.4534,
            "avg": 170.05504880000026,
            "min": 8.0752,
            "med": 202.17464999999999
        },
        "http_req_sending": {
            "min": 0,
            "med": 0,
            "max": 167.2672,
            "p(90)": 1.0178,
            "p(95)": 1.9527099999999977,
            "avg": 0.6823045000000002
        },
        "checks": {
            "passes": 1000,
            "fails": 11000,
            "value": 0.08333333333333333
        },
        "vus": {
            "value": 1000,
            "min": 1000,
            "max": 1000
        },
        "data_received": {
            "count": 28476670,
            "rate": 17266100.20202123
        }
    },
    "root_group": {
        "name": "",
        "path": "",
        "id": "d41d8cd98f00b204e9800998ecf8427e",
        "groups": {},
        "checks": {
                "200 OK": {
                    "passes": 1000,
                    "fails": 0,
                    "name": "200 OK",
                    "path": "::200 OK",
                    "id": "e9654c443eff553da9e69eda7007924e"
                },
                "201 Created": {
                    "name": "201 Created",
                    "path": "::201 Created",
                    "id": "728dcd977aae263ca314731145e1d447",
                    "passes": 0,
                    "fails": 1000
                },
                "204 No Content": {
                    "id": "54fa3c2eda34e1622fda2da5e0479fc5",
                    "passes": 0,
                    "fails": 1000,
                    "name": "204 No Content",
                    "path": "::204 No Content"
                },
                "400 Bad Request": {
                    "name": "400 Bad Request",
                    "path": "::400 Bad Request",
                    "id": "eeae81934b9b58bccaf0184a6d070338",
                    "passes": 0,
                    "fails": 1000
                },
                "401 Unauthorized": {
                    "name": "401 Unauthorized",
                    "path": "::401 Unauthorized",
                    "id": "6ae9254e6aefe7f0bafe5102fa7e20a5",
                    "passes": 0,
                    "fails": 1000
                },
                "403 Forbidden": {
                    "id": "655548b761742c5a7ad15aa7df3a5d9c",
                    "passes": 0,
                    "fails": 1000,
                    "name": "403 Forbidden",
                    "path": "::403 Forbidden"
                },
                "404 Not Found": {
                    "id": "df1528f9925ca236bac51008f77b774a",
                    "passes": 0,
                    "fails": 1000,
                    "name": "404 Not Found",
                    "path": "::404 Not Found"
                },
                "429 Too Many Requests": {
                    "name": "429 Too Many Requests",
                    "path": "::429 Too Many Requests",
                    "id": "b810c35b9499cc7342fd415032e3a6aa",
                    "passes": 0,
                    "fails": 1000
                },
                "500 Internal Server Error": {
                    "name": "500 Internal Server Error",
                    "path": "::500 Internal Server Error",
                    "id": "3cd96245b24e869810efe46d533b0eef",
                    "passes": 0,
                    "fails": 1000
                },
                "502 Bad Gateway": {
                    "name": "502 Bad Gateway",
                    "path": "::502 Bad Gateway",
                    "id": "712cb0ec189a11f31f0d6d0c0031b569",
                    "passes": 0,
                    "fails": 1000
                },
                "503 Service Unavailable": {
                    "name": "503 Service Unavailable",
                    "path": "::503 Service Unavailable",
                    "id": "f1ea1a22be0dc738c385523a66ea1cd9",
                    "passes": 0,
                    "fails": 1000
                },
                "504 Gateway Timeout": {
                    "name": "504 Gateway Timeout",
                    "path": "::504 Gateway Timeout",
                    "id": "218efb729cb654723ccd57c6ebbebe29",
                    "passes": 0,
                    "fails": 1000
                }
            }
    }
}