{
    "metrics": {
        "data_received": {
            "count": 284794103,
            "rate": 28352939.17949594
        },
        "iteration_duration": {
            "avg": 5896.769269739979,
            "min": 1144.4067,
            "med": 6102.99235,
            "max": 9983.5555,
            "p(90)": 6444.2744,
            "p(95)": 6461.9056
        },
        "iterations": {
            "count": 10000,
            "rate": 995.5592085941449
        },
        "http_req_connecting": {
            "avg": 754.923459560003,
            "min": 2.1012,
            "med": 762.26445,
            "max": 1143.3297,
            "p(90)": 880.3361,
            "p(95)": 891.04203
        },
        "http_req_waiting": {
            "avg": 2030.061945620001,
            "min": 0,
            "med": 2096.0425,
            "max": 3742.3017,
            "p(90)": 3089.53101,
            "p(95)": 3127.328
        },
        "http_req_duration{expected_response:true}": {
            "p(95)": 3135.068255,
            "avg": 2221.520164429986,
            "min": 6.8753,
            "med": 2230.30215,
            "max": 7558.5905,
            "p(90)": 3100.07408
        },
        "http_req_failed": {
            "passes": 0,
            "fails": 10000,
            "value": 0
        },
        "http_req_blocked": {
            "min": 65.9993,
            "med": 2614.88965,
            "max": 7367.5807,
            "p(90)": 3820.01362,
            "p(95)": 3938.0938499999997,
            "avg": 2643.9469352299934
        },
        "http_req_receiving": {
            "max": 5236.7396,
            "p(90)": 15.5087,
            "p(95)": 2118.3505699999987,
            "avg": 190.48905721000028,
            "min": 0,
            "med": 3.0016
        },
        "checks": {
            "passes": 10000,
            "fails": 110000,
            "value": 0.08333333333333333
        },
        "data_sent": {
            "count": 6860000,
            "rate": 682953.6170955835
        },
        "http_reqs": {
            "count": 10000,
            "rate": 995.5592085941449
        },
        "http_req_tls_handshaking": {
            "min": 0,
            "med": 1852.84655,
            "max": 6550.7163,
            "p(90)": 2941.40882,
            "p(95)": 3053.22395,
            "avg": 1887.6506210400046
        },
        "vus": {
            "min": 0,
            "max": 10000,
            "value": 2
        },
        "http_req_sending": {
            "max": 3101.7947,
            "p(90)": 1.0034,
            "p(95)": 2.0003,
            "avg": 0.9691615999999998,
            "min": 0,
            "med": 0
        },
        "vus_max": {
            "value": 10000,
            "min": 3309,
            "max": 10000
        },
        "http_req_duration": {
            "avg": 2221.520164429986,
            "min": 6.8753,
            "med": 2230.30215,
            "max": 7558.5905,
            "p(90)": 3100.07408,
            "p(95)": 3135.068255
        }
    },
    "root_group": {
        "checks": {
            "200 OK": {
                "name": "200 OK",
                "path": "::200 OK",
                "id": "e9654c443eff553da9e69eda7007924e",
                "passes": 10000,
                "fails": 0
            },
            "201 Created": {
                "name": "201 Created",
                "path": "::201 Created",
                "id": "728dcd977aae263ca314731145e1d447",
                "passes": 0,
                "fails": 10000
            },
            "204 No Content": {
                "name": "204 No Content",
                "path": "::204 No Content",
                "id": "54fa3c2eda34e1622fda2da5e0479fc5",
                "passes": 0,
                "fails": 10000
            },
            "400 Bad Request": {
                "name": "400 Bad Request",
                "path": "::400 Bad Request",
                "id": "eeae81934b9b58bccaf0184a6d070338",
                "passes": 0,
                "fails": 10000
            },
            "401 Unauthorized": {
                "id": "6ae9254e6aefe7f0bafe5102fa7e20a5",
                "passes": 0,
                "fails": 10000,
                "name": "401 Unauthorized",
                "path": "::401 Unauthorized"
            },
            "403 Forbidden": {
                "path": "::403 Forbidden",
                "id": "655548b761742c5a7ad15aa7df3a5d9c",
                "passes": 0,
                "fails": 10000,
                "name": "403 Forbidden"
            },
            "404 Not Found": {
                "name": "404 Not Found",
                "path": "::404 Not Found",
                "id": "df1528f9925ca236bac51008f77b774a",
                "passes": 0,
                "fails": 10000
            },
            "429 Too Many Requests": {
                "name": "429 Too Many Requests",
                "path": "::429 Too Many Requests",
                "id": "b810c35b9499cc7342fd415032e3a6aa",
                "passes": 0,
                "fails": 10000
            },
            "500 Internal Server Error": {
                "path": "::500 Internal Server Error",
                "id": "3cd96245b24e869810efe46d533b0eef",
                "passes": 0,
                "fails": 10000,
                "name": "500 Internal Server Error"
            },
            "502 Bad Gateway": {
                "name": "502 Bad Gateway",
                "path": "::502 Bad Gateway",
                "id": "712cb0ec189a11f31f0d6d0c0031b569",
                "passes": 0,
                "fails": 10000
            },
            "503 Service Unavailable": {
                "id": "f1ea1a22be0dc738c385523a66ea1cd9",
                "passes": 0,
                "fails": 10000,
                "name": "503 Service Unavailable",
                "path": "::503 Service Unavailable"
            },
            "504 Gateway Timeout": {
                "name": "504 Gateway Timeout",
                "path": "::504 Gateway Timeout",
                "id": "218efb729cb654723ccd57c6ebbebe29",
                "passes": 0,
                "fails": 10000
            }
        },
        "name": "",
        "path": "",
        "id": "d41d8cd98f00b204e9800998ecf8427e",
        "groups": {}
    }
}